<?xml version="1.0" encoding="UTF-8"?>
<project-private xmlns="http://www.netbeans.org/ns/project-private/1">
    <editor-bookmarks xmlns="http://www.netbeans.org/ns/editor-bookmarks/2" lastBookmarkId="0"/>
    <open-files xmlns="http://www.netbeans.org/ns/projectui-open-files/2">
        <group>
            <file>file:/C:/Users/Favian%20Azwadt%20R/Documents/NetBeansProjects/Quest/src/Array/BubbleSort.java</file>
            <file>file:/C:/Users/Favian%20Azwadt%20R/Documents/NetBeansProjects/Quest/src/Array/ContohArray1Controller.java</file>
            <file>file:/C:/Users/Favian%20Azwadt%20R/Documents/NetBeansProjects/Quest/src/Array/RunContohArray1.java</file>
            <file>file:/C:/Users/Favian%20Azwadt%20R/Documents/NetBeansProjects/Quest/src/Array/BubbleSort2.java</file>
        </group>
    </open-files>
</project-private>
